{"cameraMode":{"drawMode":0,"name":"Shaded","section":"Shading Mode"},"sceneLighting":false,"audioPlay":false,"sceneViewState":{"m_AlwaysRefresh":false,"showFog":false,"showSkybox":false,"showFlares":false,"showImageEffects":false,"showParticleSystems":false,"showVisualEffectGraphs":true,"m_FxEnabled":true},"in2DMode":false,"pivot":{"x":-0.0004380941390991211,"y":0.8642925024032593,"z":0.07685691118240357},"rotation":{"x":0.14722879230976106,"y":0.42086559534072878,"z":-0.06942091137170792,"w":0.8924226760864258},"size":1.4037976264953614,"orthographic":true}